AccountID,CustomerID,AccountTypeID,AccountStatusID,Balance,
200094,10123,3,1,48348.54,
201108,10077,3,1,35001.41,
201453,10321,3,2,57081.03,
200581,10871,5,1,63164.33,
200003,10765,1,1,58739.64,
201097,10903,1,1,45430.05,
201343,10681,5,1,15435.59,
201250,11038,5,1,52166.08,
201001,10655,4,2,14569.86,
200342,10672,4,1,76080.75,
200892,10352,2,1,81466.67,
200919,10981,4,1,7162.42,
200883,10262,5,1,96755.41,
200478,10207,2,1,97341.47,
201012,10509,1,3,85030.52,
200910,10582,3,3,63487.32,
201488,10796,4,1,30363.58,
200828,10792,3,1,42829.95,
200757,10535,3,1,75543.44,
201331,11051,1,1,15923.19,
200761,10583,5,1,66945.73,
200611,10777,3,1,52143.22,
200164,10556,1,1,64746.74,
201595,11083,1,1,21641.13,
201025,10181,1,1,21398.11,
201302,10877,5,1,13689.45,
200806,10133,3,1,44471.11,
200975,10997,2,2,58687.34,
200473,10562,5,1,10594.45,
200949,10327,2,2,5215.19,
200241,10770,2,1,22583.96,
200816,10298,2,1,17693.91,
200262,10850,4,1,70727.24,
200730,10738,1,1,47523.73,
200855,10812,4,1,24602.31,
200985,10828,1,1,11914.04,
200960,10739,2,1,52107.05,
201479,10519,5,1,43902.35,
200350,10419,4,1,76198.19,
201495,10428,2,1,28566.86,
201248,10923,2,1,13715.4,
201054,10692,5,2,17254.85,
200588,10296,5,1,48270.26,
200124,10661,2,3,46628.24,
201130,10331,4,1,72455.96,
200634,10324,3,1,72073.9,
200595,10991,1,2,38432.58,
200798,10224,5,3,8837.62,
200901,10936,4,1,22947.15,
200088,10024,3,1,26174.79,
201383,10066,2,1,29435.63,
200641,10528,3,1,74153.48,
200931,10340,3,2,14835.88,
201543,10236,5,1,3399.25,
200836,10883,5,1,-233.87,
201028,10145,3,1,6784.78,
201512,10194,2,1,61227.34,
200357,10030,1,1,33379.74,
200374,10745,3,1,82926.12,
201168,11042,1,1,8278.63,
200835,10913,4,3,70736.67,
200672,10736,1,1,33094.26,
201115,10014,1,2,83513.23,
201498,10723,1,1,60251.22,
201377,10592,2,3,4677.54,
201249,10072,4,1,42979.84,
201450,10657,4,1,45858.74,
200978,10619,2,1,47109.88,
201134,10390,1,1,61924.24,
201407,10152,2,1,43249.76,
201475,10718,4,1,80350.86,
201224,10072,3,1,78730.2,
200299,10053,1,1,77758.44,
200559,10568,1,1,69307.18,
200444,10779,1,1,4103.36,
201375,10956,2,1,93655.02,
201370,11081,3,1,45552.93,
201007,10541,3,1,19557.46,
200260,10742,1,2,66974.97,
200171,10729,1,1,19826.46,
200689,10205,1,1,80386.19,
200105,10625,5,2,33473.34,
201201,10760,2,1,16158.07,
200448,11068,4,2,89822.89,
200807,10387,2,3,94042.15,
201521,10895,5,1,19290.69,
200988,10614,5,1,32176.3,
200156,10492,5,1,44226.17,
200027,10691,5,1,37361.45,
200612,10743,2,1,65135.68,
201492,11095,5,2,69060.9,
200947,10906,1,1,12696.33,
200043,10894,4,1,79719.69,
201163,10554,3,1,18417.51,
200801,10377,1,1,66280.88,
200899,10265,3,1,60784.62,
200356,10450,3,2,9782.45,
200233,11062,4,1,52635.31,
200330,10729,1,1,87731.37,
200909,10066,4,1,10768.21,
200021,10929,1,2,75314.83,
200268,10345,2,1,63328.69,
200943,10475,1,1,94132.42,
200243,10698,3,1,28537.58,
200209,10141,5,2,20828.49,
200800,10896,5,1,66997.3,
200228,10997,3,1,10485.76,
201269,10041,5,1,30914.75,
200578,10705,4,2,24570.15,
200498,10800,1,1,15998.84,
201605,10458,1,3,61452.84,
200096,10659,2,2,7371.56,
200824,10075,4,1,33251.84,
201287,10741,5,1,61811.52,
201209,10748,2,1,44989.68,
201502,10718,3,1,68003.49,
200615,10651,1,1,97085.48,
200019,10987,2,1,46697.84,
200363,11017,4,1,61675.17,
201496,10985,5,1,7522.28,
200987,10173,2,1,74953.59,
201627,10297,2,1,63276.07,
200198,10710,4,1,41712.43,
200768,10472,5,2,35557.51,
200239,10608,2,1,90045.38,
201257,10807,3,1,75151.44,
200093,10753,3,1,94367.39,
201256,10443,4,1,54267.69,
200575,10473,3,1,68796.18,
201369,10130,1,1,28474.18,
200778,10543,3,2,56580.01,
201197,10817,5,1,33695.66,
201403,10950,3,2,19307.32,
200942,10448,4,1,20566.29,
201290,10518,4,1,65129.17,
201303,10434,4,1,52486.18,
200683,10887,3,1,77337.56,
201178,10500,4,1,91571.7,
200375,10359,3,1,-484.03,
200602,11032,1,1,37855.48,
200911,10472,4,2,1982.54,
200389,10893,3,2,63269.23,
200858,10895,1,2,51078.34,
200676,10322,3,1,73634.29,
200552,10920,4,1,57401.58,
201507,10305,5,1,66363.63,
200571,10822,2,1,38267.06,
201328,10378,2,1,8886.02,
200649,10515,5,2,70672.09,
201313,10908,3,1,46225.22,
200373,10803,3,1,5341.19,
200915,10991,1,1,64672.06,
201384,10669,2,3,80291.35,
201030,10266,3,1,97583.98,
201242,10514,1,1,97505.74,
201461,10909,3,1,1067.92,
200628,10220,2,2,86449.35,
201044,10599,3,1,31813.08,
201625,10911,3,2,88833.03,
201396,10383,4,1,46889.38,
200751,10739,4,1,11153.1,
201060,10491,4,1,13816.59,
200022,10697,3,1,54626.23,
201315,10821,5,2,98852.39,
200601,11013,2,1,24970.51,
201536,10978,2,1,53964.3,
200499,10779,4,1,41756.99,
200859,11068,1,1,96162.77,
200539,10891,4,1,63989.93,
200879,10491,3,1,81043.65,
200191,10107,2,1,64668.96,
201423,10285,5,1,34139.84,
201100,10349,4,2,7238.29,
200525,10096,4,2,3728.4,
201285,10410,2,1,7142.29,
200226,10426,5,1,41080.03,
200381,10838,4,2,2046.9,
201583,11041,4,1,24816.84,
200424,10522,1,1,88759.77,
201040,10664,5,3,34532.54,
201235,10446,5,1,43432.25,
200001,10106,2,1,45976.72,
200906,10982,5,1,9453.32,
200818,10411,2,1,29665.12,
200630,10716,5,2,27089.05,
200408,10716,3,1,76094.38,
201237,11039,2,1,53106.86,
200776,11083,3,2,40804.47,
200054,10316,5,1,63209.82,
200622,10072,4,1,93463.8,
200658,10187,5,1,86577.85,
200967,10930,1,1,64653.85,
200174,10171,4,3,93803.16,
201406,10906,3,1,11905.54,
200714,10368,5,1,95795.81,
200086,10133,3,1,48388.47,
200810,10209,1,1,50288.56,
201598,10928,1,1,87141.62,
201378,10291,5,1,3388.13,
201125,10719,4,1,31958.06,
201503,10298,2,2,8447.57,
201622,10328,3,1,53194.87,
200745,10326,5,1,67365.33,
200687,10338,4,3,62288.73,
200547,10655,1,1,31878.18,
200748,10764,2,1,30016.82,
200289,10699,4,1,59032.48,
200460,10989,3,1,19062.04,
201571,10738,3,1,75100.88,
200148,10680,2,1,19169.97,
200516,10951,3,1,8374.94,
201043,10829,4,1,98193.39,
201437,10836,1,1,73882,
200338,10603,5,1,94115.37,
200807,10387,2,3,94042.15,
201193,10568,2,1,23397.62,
200076,10350,4,3,84752.19,
200765,10484,5,1,87592.18,
200206,10909,4,1,60464.15,
200102,10446,4,1,81059.87,
200302,10053,3,1,66179.18,
200572,10963,3,1,69371.4,
200840,10502,5,1,6781.42,
200248,10636,2,1,56908.2,
200956,10887,3,1,1763.48,
200495,11051,2,1,99576.52,
200267,10895,4,2,16849.22,
200418,10205,5,1,92852.87,
201188,10050,2,1,1832.23,
201589,10272,3,2,87870.96,
201390,10700,5,2,18214.86,
200415,10030,3,1,85956.02,
201033,10190,2,1,21893.19,
200679,10353,2,1,95993.15,
201436,10706,3,1,11204.58,
200422,10670,1,1,56501.8,
201389,10870,1,1,48802.76,
201399,10628,2,2,62704.13,
201604,10637,2,1,31197.66,
201607,10117,3,1,42912.69,
201022,10050,4,1,42042.75,
201063,10833,4,2,6138.42,
201152,10441,4,1,17726.86,
201175,10611,1,1,90209.21,
200586,10819,5,1,80092.14,
201608,10458,1,1,-332.64,
201349,10713,3,1,44268.2,
201262,10938,2,1,43169.25,
200698,10252,1,1,6818.08,
200379,10460,5,1,38941.36,
200309,10800,2,1,88843,
200462,10653,5,1,78226.86,
200186,10686,2,1,75229.57,
200432,10010,3,1,28642.89,
201070,10697,1,1,-451.22,
200996,10863,2,1,88081.58,
200632,10821,2,1,34136.27,
200671,10617,3,2,71165.2,
200686,10719,1,1,21832.9,
200962,10466,4,1,93428.62,
200523,10496,2,1,10299.2,
200496,10431,3,1,7310.55,
200715,10476,5,1,90889.92,
201129,10527,3,1,97520.65,
200645,10027,2,1,87257.64,
200075,10390,1,1,85355.69,
200464,10637,3,1,33402.53,
201189,10739,4,1,16636.45,
200182,10539,5,3,54673.13,
200152,11068,5,2,33642.96,
201431,10525,4,1,21044.85,
200849,10956,5,1,97799.03,
201387,10445,4,1,53314.79,
200982,10384,5,1,168.24,
200758,10561,3,1,66408.18,
201079,10818,1,1,43246.95,
200713,11085,5,1,36010.17,
201273,11013,4,1,71894.33,
200699,10639,2,1,45953.62,
200561,10092,1,1,32040.43,
200663,10534,1,1,30305.49,
200166,10498,4,1,6819.43,
200907,10045,1,1,82824.07,
201459,10700,4,1,11158.18,
200176,10857,5,2,98824.99,
201157,10277,5,1,798.95,
200957,10896,4,1,49195.28,
201225,10694,2,2,57861.87,
201195,10545,3,1,79409.9,
200934,10631,5,1,5803.63,
200548,10731,2,1,95485.55,
200688,10785,2,1,31938.31,
201229,10976,2,1,21440.71,
200502,10912,1,2,8471.71,
200873,11081,5,1,33312.88,
201314,10343,1,1,39814.31,
200829,11083,5,1,99367.56,
200620,10780,3,1,97709.97,
200562,10178,3,1,54139.42,
201643,10106,3,3,63417.47,
201158,10971,4,1,89490.97,
201000,10843,2,2,2903.48,
200387,11022,5,1,1484.19,
201266,10526,1,1,9506.54,
200590,10670,2,1,34993.26,
200044,10892,2,2,76966.28,
200684,10025,4,1,11829.41,
200295,11080,1,1,24421.48,
201101,10433,2,1,94618.51,
201485,11002,4,2,40948.29,
200995,10958,4,1,72530.73,
200625,10229,1,1,27438.12,
200231,10593,2,1,8421.29,
200832,10307,1,1,19414.17,
201006,10900,5,1,68744.61,
200103,10289,2,1,2495.42,
200970,10943,5,1,74975.09,
201217,10972,3,1,15058.27,
201169,10609,3,1,66365.39,
201393,10212,1,1,32876.62,
200712,10648,2,1,46654.26,
201270,10357,1,1,63489.87,
200936,10269,5,1,36884.55,
200407,10449,2,1,86226.61,
201253,10568,2,1,78877.32,
200752,10755,1,1,80947.03,
200139,10198,2,1,21643.34,
200346,10756,4,1,70376.51,
200830,10538,5,1,84771.02,
200313,11099,5,1,56305.33,
201090,10259,3,1,82411.23,
200320,10990,3,1,8383.78,
201548,10857,3,2,92484.05,
200232,10760,1,1,55207.57,
200744,10982,5,1,96691.7,
201630,10602,4,1,53513.59,
201421,10635,2,1,84925.81,
200079,10781,3,1,95799.13,
201504,10442,5,3,71478.64,
201146,10758,2,1,89943.75,
201118,10728,4,1,67765.16,
200333,10518,4,1,55863.11,
201096,10393,5,1,60980.9,
200857,10820,1,3,53012.76,
201386,10106,3,1,98621.54,
200736,10575,2,1,11911.62,
200847,10351,2,2,54095.48,
201547,10798,3,1,4214.72,
201121,10449,4,1,27961.66,
200609,10035,5,1,81307.85,
200723,10506,4,1,53411.49,
200544,11051,4,1,29118.69,
201467,11076,5,1,33217.79,
201220,10308,3,1,90588.29,
200554,10177,5,1,12929.14,
201623,10451,4,1,25904.48,
200953,10288,4,2,12654.78,
201588,10535,4,1,49951.87,
201304,10156,4,1,15816.85,
201563,10586,4,1,62435.08,
201628,10596,4,1,10894.96,
200651,10386,3,2,855.61,
200002,10839,5,1,84008.77,
201016,10958,2,1,56614.15,
200654,10306,4,1,29461.6,
201316,10545,4,1,31670.18,
200392,10524,4,2,47720.54,
201483,10990,3,1,39530.42,
200921,10951,4,1,9461.55,
200334,10515,3,1,4940.1,
201190,10702,2,1,20614.63,
200501,10227,4,1,75278.53,
201530,10602,4,1,76520.27,
200341,10241,4,1,48035.81,
200725,10882,1,1,7977.53,
200040,10493,5,1,28525.67,
201531,10478,5,1,22180.71,
201149,10760,3,1,24309.2,
201084,10411,3,2,8545.33,
200945,10412,5,1,62943.1,
200877,10675,2,1,59425.38,
200446,10998,1,1,46783.99,
200532,10632,3,1,81253.09,
200961,10360,3,1,49886.14,
200510,10795,1,2,4532.46,
200513,10997,3,2,76110.76,
201562,11095,5,1,25998.69,
201637,10091,4,1,9103.9,
201501,11003,3,1,81538.08,
200775,10848,3,2,988.89,
201420,10471,4,1,996.08,
201205,10538,5,1,12062.53,
201288,10202,5,1,19110.41,
200833,10832,2,1,94714.26,
201574,10374,5,1,65937.47,
201480,11000,1,1,90293.79,
200825,10244,5,1,88003.78,
200682,10773,5,1,22744.42,
200298,10278,2,1,57916.55,
200224,10662,2,1,93915.37,
201102,10430,5,1,98536.94,
200540,10270,3,1,67333.11,
200409,10952,2,1,52437.73,
200049,10716,3,2,97056.5,
200456,10842,3,2,40616.96,
201278,10608,1,1,297.26,
200598,10687,5,1,16337.78,
200670,10726,2,1,49866.12,
200223,10357,1,2,8616.26,
201645,10056,5,2,67221.71,
201286,10224,1,3,98752.9,
200475,10545,4,1,95560.61,
200846,10855,2,2,81624.65,
201135,10115,2,1,87109.52,
200783,10493,3,1,25552.59,
200603,10797,4,1,78968.31,
200047,10656,5,1,87103.24,
200315,10574,2,1,20955.84,
200247,10236,3,1,52971.73,
200954,10893,3,1,56851.42,
201210,10218,5,2,7138.31,
200068,10369,5,3,45217.07,
201347,10649,1,1,33515.77,
201267,10399,2,1,91798.81,
200060,10494,4,1,5113.53,
201296,11058,5,2,7370.12,
200013,10704,3,3,84904.63,
200710,10143,2,2,74801.11,
201159,10867,3,1,61114.59,
201274,10458,1,2,2700.81,
201139,11038,2,1,47313.93,
200792,10719,2,1,72900.62,
200033,11027,5,2,6284.54,
200882,10107,3,1,87535.78,
201416,10783,2,3,69925.49,
200275,10669,1,2,27422.79,
200058,10079,4,1,84232.06,
200966,10843,5,1,27860.05,
201539,10254,3,1,76819.46,
200878,10687,3,2,58649.9,
200265,10634,5,1,97161.64,
200215,10925,5,1,93508.87,
200536,10976,4,1,1991.63,
201602,10357,2,3,19241.05,
200132,10956,2,1,76952.07,
201206,10349,3,1,70501.6,
200542,10817,4,1,40479.35,
200186,10686,2,1,75229.57,
200037,10727,1,1,40414.75,
201318,10055,3,3,46463.91,
200755,10529,4,1,65092.89,
201057,10287,2,1,80862.99,
200809,10681,5,1,80735.96,
200082,10330,1,1,13907.67,
200063,10760,4,2,80873.7,
200820,10072,3,1,51867.25,
200414,10207,4,3,87346.91,
200437,10455,1,1,49112.5,
201538,10438,5,1,2857.78,
201113,10061,2,1,51248.28,
200110,10960,1,1,97375.3,
201282,10898,3,1,84216.02,
200743,10704,3,1,22715.48,
200192,10507,4,1,96203.92,
201438,11010,4,1,16137.61,
200573,10302,5,1,32888.15,
200599,10484,4,1,1921.06,
200213,10751,1,1,28659.41,
200343,10052,1,1,30095.9,
201231,10794,3,2,91941.52,
200884,10401,5,1,30778.96,
201447,10392,3,1,4120.31,
200386,10642,3,2,71440.11,
201233,10500,3,1,3705.27,
200031,10913,1,1,84415.35,
201167,10894,4,2,6939.38,
200101,10501,3,3,81973.76,
201009,10485,3,1,58760.77,
200656,10035,4,1,53079.45,
200332,10908,1,2,7437.98,
200366,10456,5,1,96922.37,
201142,10562,1,1,28929.92,
200028,11003,2,2,27830.4,
201301,10106,5,1,17600.55,
200427,10818,2,1,19976.54,
201344,10996,2,1,89803.18,
201031,10879,3,1,68630.97,
200790,11090,2,1,58371.1,
200521,10497,4,1,93801.23,
201354,10207,1,1,72901.86,
200897,10823,1,1,4734.68,
201222,10374,5,2,83157.4,
201216,10048,3,2,6196.05,
200196,11020,3,3,38213.2,
201458,10503,3,1,94637.81,
201342,10245,3,1,50624.91,
200402,10418,4,1,10931.61,
200476,10163,5,1,88906.14,
200187,10706,1,1,82125.5,
201312,10223,4,1,73001.03,
200286,11090,3,1,50087.8,
201230,10971,5,1,51946.98,
200917,10853,1,1,66553.69,
200891,10567,5,1,43164.35,
201441,10572,2,2,33936.14,
201019,10689,1,1,52550.59,
200696,10189,1,1,35946.6,
201472,11010,2,1,82901.01,
200841,10459,3,2,33874.96,
200522,10537,1,3,45129,
200731,10966,4,1,5811.77,
200481,10535,4,1,65910.21,
200023,10177,4,1,31727.05,
201226,10153,5,1,34571.98,
201527,10603,3,1,95258.96,
201045,10044,2,1,10177.2,
200597,10345,2,1,47257.88,
201164,10426,3,1,55889.89,
201525,10707,2,3,46295.23,
200465,10038,5,1,13231.48,
200091,10703,3,1,535.49,
201639,10255,5,1,36513.17,
200240,10312,3,1,1004.81,
200648,10499,1,1,93642.02,
201594,10035,2,1,99358.56,
200131,10103,3,1,75376.37,
201212,10280,3,1,28703.58,
200219,10318,4,1,22228.52,
200428,10674,4,1,75436.44,
201258,10398,1,1,63171.98,
201246,10667,2,2,4676.32,
200083,10686,5,1,34899.8,
200737,10347,2,3,55587.45,
200610,10219,3,1,77330.66,
200184,10286,3,2,23944.96,
200974,10707,3,1,8628.14,
200886,10634,5,1,30479.46,
201636,10395,5,1,90396.34,
200940,10258,4,1,67725.96,
201221,10840,5,1,46783.8,
201356,11004,1,1,80721.73,
201239,10155,4,1,85907.65,
201311,10024,4,1,6438.96,
200880,10529,4,1,50966.65,
200245,10471,4,1,15469.8,
200004,10584,5,1,49200.39,
201147,10851,2,1,28516.97,
201191,10203,5,2,85776.52,
200870,10585,4,1,41482.99,
200118,10298,4,1,61554.44,
200007,10219,4,1,76868.55,
200796,11092,5,1,5841.82,
200984,10762,4,1,68773.85,
201140,10822,5,1,4804.93,
200566,10781,2,2,2897.31,
201400,10739,2,1,75822.77,
200118,10298,4,1,61554.44,
201633,10335,2,1,33358.65,
200657,10694,4,1,97893.1,
201505,10551,5,1,37419.65,
201123,10892,2,1,34304.35,
201039,10617,5,1,60458.08,
201166,10634,1,1,32065.1,
200238,10283,3,1,4204.24,
201074,10935,4,1,64799.49,
200848,10114,5,2,99472.58,
201359,10848,5,1,56196,
201098,10573,2,1,71461.59,
200605,10325,1,3,62854.84,
200483,10397,2,1,7171.9,
200794,10243,3,1,89489.35,
200317,10002,2,1,54562.11,
200923,10415,4,1,35829.66,
200580,10371,5,1,75921.36,
200254,10478,5,1,57333.16,
200061,10838,3,1,71560.95,
200014,10441,5,1,84147.22,
200667,10128,5,1,76754.95,
200805,11008,4,2,29659.71,
200881,10595,5,2,35503.33,
201394,10895,2,1,49315.12,
201094,10207,1,2,36704.08,
201443,10185,2,1,23915.53,
201326,10042,2,1,88473.99,
200747,10842,1,2,98152.81,
200889,10002,5,1,72356.98,
200823,10799,3,1,83634.16,
201247,10004,1,1,30879.61,
200416,10836,5,1,66066.94,
200704,10584,2,2,92101.16,
201345,10914,2,1,31695.84,
200149,10239,1,1,75306.88,
200070,10632,5,1,57405.83,
201367,10390,5,1,12234.14,
200439,10246,1,1,96069.39,
200199,10518,4,1,5913.76,
201411,10567,3,1,-347.33,
200769,10126,1,1,53021.49,
200797,11057,2,1,8548.38,
201585,11046,2,1,73902.87,
200397,10576,5,2,14485.85,
200695,10899,3,2,64229.52,
200678,10124,4,3,93932.94,
201196,10448,4,1,2437.45,
200574,10676,1,1,22906.46,
201523,10267,5,1,15903.41,
200793,10002,2,1,48559.42,
200189,10209,2,1,13011.25,
201435,10824,2,1,60387.81,
200421,10845,5,2,51905.22,
201601,10204,4,1,45648.43,
200754,10495,3,1,86461.96,
200742,11097,2,1,91394.85,
201067,10352,1,1,26935.78,
200952,10206,5,1,43240.08,
201509,11090,3,1,51630.82,
200234,10712,5,1,73323.55,
200038,10343,5,2,24991.15,
201050,10515,1,1,67242.57,
200487,10458,2,1,36819.47,
201556,11081,1,1,78252.18,
200278,10912,1,1,2995.65,
201107,10806,4,1,56605.54,
200006,10423,4,3,50442.7,
200636,10362,5,3,72472.61,
200080,10803,2,1,22216.12,
200457,10693,1,1,23239.37,
200159,10435,2,1,30389.48,
201165,10344,5,1,20681.69,
201612,10409,2,2,25041.66,
200981,11044,4,1,74129.89,
201392,10372,4,1,11278.56,
200735,10963,5,3,40808.96,
200354,10046,2,1,33507.25,
201642,10462,1,2,66275.11,
200939,10293,4,1,88188.35,
201445,10647,5,1,61130.67,
201555,11091,2,1,24051.97,
201634,10615,4,1,60894.86,
201013,10909,1,1,43465.28,
201268,10802,3,1,34872.04,
200106,10010,3,1,15084.59,
200361,10906,4,2,31222.38,
200593,10463,3,1,45585.4,
201614,10006,3,1,54375.82,
200365,11065,1,2,61520.01,
201351,10688,5,1,43699.63,
200766,10389,1,1,8003.54,
200494,10082,5,1,25320.55,
201306,10182,2,1,92994.34,
200803,10856,4,1,57674.79,
201401,10479,5,1,41195.04,
201565,11083,3,1,2687.98,
201049,10106,1,1,90575.94,
201549,10892,5,1,52007.57,
201372,10001,3,1,20267.12,
200100,10907,2,1,55024.14,
200276,10662,5,1,39276.31,
200624,10468,4,1,77555.16,
200557,10594,5,2,47387.99,
200277,10988,4,1,27720.07,
200399,10749,4,1,42927.31,
201350,10407,4,1,36968.05,
200888,10345,3,1,26378.68,
201618,11048,3,1,66165.44,
200576,10351,5,1,85212.03,
201466,10035,1,1,42938.67,
200993,10600,5,2,96074.22,
201183,10895,4,2,44678.19,
200515,10422,4,1,37362.06,
200138,10735,1,3,35239.9,
200347,10109,3,1,91662.19,
200740,11008,5,1,9264.87,
201021,10624,3,1,74503.83,
201305,10295,1,1,88106.67,
201035,10674,1,1,89070.21,
200351,10767,2,1,41928.35,
201415,10643,2,1,52603.96,
200782,10672,1,1,82355.35,
200411,10431,1,1,80094.42,
200617,10297,5,1,76928.69,
201244,10457,3,2,36804.14,
200944,10577,5,1,73352.5,
201292,10213,3,1,1187.8,
200314,10671,2,1,54976.37,
200668,11092,1,1,74338.61,
200596,10474,2,1,22748.87,
200916,10037,1,1,22876,
201569,10574,1,2,91960.89,
200851,10922,4,1,4671.65,
200958,10745,5,1,89610.23,
200773,10427,2,1,26968.95,
200332,10908,1,2,7437.98,
200643,10876,4,1,74408.88,
200303,10091,2,1,82597.28,
200127,11019,3,1,41229.1,
200693,10009,4,1,95712.27,
200951,10923,5,1,1209.92,
200255,10122,5,2,63487.77,
200621,10749,2,2,71951.64,
201469,10395,4,2,96660.29,
201404,10061,4,1,42751.39,
201334,10891,2,1,43174.24,
200360,10135,3,1,80837.01,
200998,10889,3,2,93898.27,
200583,10378,3,1,40081.4,
200398,10253,2,1,3670.72,
201577,10128,1,1,90497.44,
201002,10458,3,1,92795.9,
200706,11067,2,1,26539.13,
201281,10427,1,1,40995.04,
200336,10492,2,1,1435.15,
201599,11074,3,1,65648.77,
200549,11022,3,1,89949.16,
200237,10510,4,1,14814.87,
200948,11097,2,1,37254.93,
201077,10930,1,3,63189.32,
201442,10821,2,1,92205.12,
201330,10392,1,2,52862.18,
200112,10075,5,1,37144.25,
200763,10909,5,1,37183.6,
200860,10374,2,1,29529.8,
200263,10940,2,2,71004.92,
201474,10276,4,1,63931.27,
200524,11030,3,1,97575.87,
200509,10151,1,1,98543.78,
200804,10088,4,1,29015.04,
201082,10384,1,1,35976.6,
201374,10258,1,1,25877.62,
200789,10579,5,1,39031.96,
200470,10227,3,1,38107.46,
201148,10384,2,1,86058.88,
200774,10593,2,1,56210.5,
200484,10730,3,1,949.19,
200264,10578,2,1,83217,
201382,10788,4,1,13510.69,
200039,10786,2,2,49676.09,
200251,10332,3,2,83517.97,
200474,10747,2,1,68217.62,
200307,10550,4,1,62791.88,
200719,10937,4,1,72074.16,
201117,10925,4,2,72818.53,
201058,10709,4,1,98804.31,
201170,11080,3,1,11265.85,
200691,10535,5,1,63310.26,
200529,10616,3,1,7072.39,
201558,10139,5,2,67364.79,
200741,10280,4,2,62802.7,
201321,10576,1,1,99616.91,
201127,10226,1,1,67441.98,
200064,10942,2,1,63793.48,
201279,10122,3,3,75180.34,
201508,10404,2,1,31174.55,
200395,10235,5,1,79274.38,
200734,10557,1,1,71914.07,
200485,10567,4,1,47990.96,
201145,10315,3,1,58360.34,
200920,10058,2,1,57474.38,
201327,10524,4,1,66029.82,
201559,10196,2,3,46035.26,
201641,10819,5,1,3441.92,
200454,10262,2,1,34042.27,
201603,10275,2,1,91348.58,
201576,11022,1,2,14051.64,
200141,10227,1,3,86449.34,
201533,10321,3,1,74579.15,
200724,10125,4,1,70644.62,
200872,10475,1,1,99622.22,
200918,10618,5,1,26242.64,
200120,10708,3,1,30224.18,
201506,10125,2,1,73456.64,
200927,10502,2,1,47108.34,
200122,10308,1,1,62397.19,
201631,10273,3,1,55836.35,
200287,10935,1,1,23213.22,
200461,10478,5,1,71132.59,
200550,10374,2,2,95845.75,
200126,10500,4,1,83625.42,
200380,10564,2,1,31978.53,
200900,10575,2,1,40320.06,
201491,10369,4,1,17911.11,
200053,11041,4,1,63843.37,
201046,10545,4,1,98109.46,
201414,10865,5,1,50771.1,
200976,10404,3,1,35267.84,
200652,10183,5,1,96036.35,
200887,10993,4,1,28368.98,
200433,10552,3,2,31513.54,
201182,10575,2,2,82184.28,
200285,10374,4,1,41610.67,
201339,10443,5,1,21279.38,
201550,10427,2,1,13621.53,
201605,10458,1,3,61452.84,
201648,10209,3,1,76038.59,
200726,10774,3,1,77266.48,
200154,10624,2,1,49097.06,
200999,10045,1,1,45056.58,
200850,10774,2,1,72232.35,
201264,10320,1,1,55623.9,
201433,10797,1,1,4802.83,
200708,10359,2,1,79123.63,
200271,10060,3,2,63431.51,
201427,10013,5,2,74732.41,
201617,10297,3,1,19685.71,
201047,11012,5,2,14199.85,
200137,10741,3,1,874.53,
200353,10502,2,1,37250.76,
200181,10810,2,1,42789.45,
201075,11065,1,1,89741.99,
200207,10179,4,3,14415.32,
201360,10851,4,2,64325.21,
200310,10006,2,1,59519.68,
200244,10727,2,2,65303.85,
200431,10522,2,1,78927.47,
201540,10177,2,1,2437.13,
201155,10687,4,1,69432.77,
200727,11082,5,1,73899.9,
201452,11014,3,2,70794.44,
200871,10706,1,1,20288.89,
200327,10375,3,1,47036.87,
200938,10128,3,1,64981.7,
201211,10454,2,1,31062.72,
200214,10062,4,2,30544.95,
200369,10392,3,1,71637.18,
201010,10972,3,1,98434.87,
201297,11073,2,2,58412.17,
201110,10830,4,1,12736.16,
200932,10468,4,1,22363.22,
200322,11018,1,1,-50.91,
200035,11016,5,2,16124.6,
201337,10637,2,1,11859.85,
201093,10584,4,1,81805.95,
200997,10246,5,2,41490.64,
200331,11036,2,2,5931.23,
200348,10105,5,1,79534.55,
200875,10667,5,1,42390.84,
200167,10432,1,1,42644.7,
200629,10541,1,2,8878.16,
200827,10920,1,1,16073.07,
200941,10278,1,1,72186.47,
200721,10937,3,1,96729.46,
201087,10049,4,1,80075.41,
200405,10020,5,1,28247.36,
200002,10839,5,1,84008.77,
201587,10114,4,1,83961.59,
200472,10170,1,1,52547.1,
200300,10551,4,1,63465.82,
201412,10326,1,1,20637.22,
201493,10494,1,1,83113.29,
201552,10753,2,3,16958,
201204,10228,5,1,43755.6,
201405,11019,5,1,59719.46,
200404,10229,3,1,32623.75,
200507,11084,4,1,48531.71,
200760,10380,3,1,90268.4,
201424,10242,3,2,3564.27,
201470,10280,4,1,24310.93,
200972,10659,3,1,42087.43,
200194,10801,3,2,62664.46,
200569,10780,3,1,74403.05,
200393,10367,1,1,58967.16,
200479,10218,1,1,77984.96,
200898,10343,3,1,68949.57,
201524,10402,4,1,38437.42,
200965,10687,2,2,82735.24,
201228,10401,3,1,89722.89,
200294,10926,2,1,15144.15,
200650,10307,2,1,31474.97,
201584,10977,5,1,75342.53,
200147,10931,3,1,741.98,
200928,10158,3,1,24066.31,
200480,10045,4,1,25494.74,
200729,10470,3,2,9390.16,
200153,10417,1,1,28280.03,
201099,10461,3,1,82883.84,
201156,10256,2,1,48963.44,
201567,10397,3,1,77319.24,
201055,10745,2,1,89370.68,
201254,10902,1,1,71621.86,
201487,10859,2,1,25199.75,
200739,10338,4,1,-486.68,
201570,10120,1,1,48479.25,
200434,10388,5,2,88098.11,
200450,11097,2,1,57492.35,
200329,10915,2,2,32978.16,
200109,10357,1,2,12135.64,
201490,10834,4,1,11876.49,
200771,10551,2,1,76.87,
200665,10140,5,1,81912.58,
201336,10161,1,1,84317.45,
201596,10880,4,1,8732,
200216,10797,4,2,94878.4,
200151,10400,3,1,59391.36,
200980,10164,2,1,25253.22,
200935,10441,2,2,12037.85,
200838,10734,4,1,35213.38,
200173,10721,1,1,99185.63,
200842,10183,5,1,20944.25,
200272,10323,4,1,75527.77,
200288,10549,4,1,86753.63,
201544,10913,3,1,79658.32,
200594,10599,4,1,12297.81,
201357,10401,4,1,1984.92,
200274,10652,1,1,29627.66,
200383,10287,3,1,25970.3,
200567,10578,5,1,239.3,
200066,10397,5,1,53407.3,
201037,10758,4,1,91570.87,
201153,10263,1,1,41412.74,
201481,10512,3,1,46114.57,
200325,10087,5,2,31944.6,
200430,10135,4,1,75924.19,
200893,10166,4,1,99828.98,
201150,10199,3,1,45449.22,
201276,10155,4,1,19986.02,
200111,10399,2,1,74191.58,
200121,10748,1,1,2700.75,
200340,10301,3,1,87416.66,
201646,10903,2,1,22957.29,
200250,10511,5,1,55353.22,
200784,10459,1,1,48911.97,
200359,10857,3,1,81925.71,
200738,10161,1,1,74018.11,
200005,11007,2,1,26556.74,
200084,10146,4,1,21109.91,
201484,10544,3,1,47917.51,
200863,10141,1,2,8913.48,
200136,10565,5,1,14112.32,
200324,10171,4,1,655.62,
201546,10299,5,2,71325.69,
200702,10160,2,1,54692.35,
200579,10236,2,1,27043.17,
201425,10764,5,1,71131.37,
201114,10233,1,1,90752.35,
200368,10112,3,1,46986.28,
200853,10934,4,2,29370.79,
200468,10268,5,1,45356.7,
201179,10324,2,1,28302.48,
200185,10159,3,1,19320.57,
201338,10440,4,2,98678.22,
200211,10112,3,1,42805.78,
201647,10125,3,1,51553.2,
200992,10934,3,2,49315.41,
200220,10351,3,1,15927.86,
200188,10174,3,1,9223.05,
201133,10741,1,1,11596.94,
201018,10887,5,1,77171.54,
201591,10609,4,1,70797.31,
200145,10649,5,2,75086.97,
201086,10150,4,2,77975.55,
200283,10447,1,2,6122.35,
201064,10314,4,1,86190.87,
201151,10778,4,1,77732.77,
201478,10072,4,1,82151.38,
201464,10602,1,1,53443.06,
201537,10696,4,1,2850.69,
201439,10511,1,2,11351.57,
200372,10060,1,1,38668.82,
200116,10349,1,1,44210,
201109,10048,1,1,68460.3,
201520,10584,1,1,73280.69,
200099,10724,2,1,40425.89,
200104,10249,3,2,89193.39,
200107,10199,4,1,76759.94,
201076,10587,2,1,56535.81,
200092,10290,4,1,7008.67,
200500,10501,2,2,76173.36,
200638,10004,5,1,56149.47,
201161,10963,5,1,60011.22,
200821,10996,4,1,87794.4,
200543,10880,1,1,64538.44,
200564,10395,4,1,96889.63,
200904,10832,4,1,84891.94,
201208,10952,4,1,84009.96,
200081,10033,4,1,92935.51,
200108,10996,3,1,73119.23,
200591,10627,5,1,10365.83,
200170,10363,1,1,24429.8,
200781,10986,2,1,68233.55,
201181,10524,2,1,91124.87,
200817,10773,1,1,82549.74,
200963,10286,2,3,77938.53,
201532,10895,4,2,36763.25,
200212,10722,2,2,76939.58,
201245,11082,1,1,56432.88,
201632,10902,5,1,-214.25,
201119,10418,5,1,10185.11,
201405,11019,5,1,59719.46,
201494,11043,5,1,2129.9,
200587,10933,1,1,44064.64,
200261,11049,5,1,80898.88,
201341,10495,2,1,58015.57,
200117,10133,4,1,6087.13,
201059,10037,4,1,32183.95,
201324,10865,1,1,43274.37,
201564,10048,4,1,29141.77,
201397,10754,1,1,60087.11,
200140,10728,5,1,18683.53,
200097,10710,2,1,69690.25,
200685,10160,3,2,24759.08,
200991,10543,4,1,13775.42,
201227,10113,5,1,94520.39,
201068,10083,4,1,54328.54,
201081,10452,2,1,22576.99,
201529,10248,2,1,84963.09,
200193,10948,1,1,381.8,
200466,10784,5,1,61937.85,
200558,10665,2,1,57672.29,
201187,10404,5,1,10845.05,
201089,10023,4,1,27578.97,
200600,10436,5,1,87054.96,
201199,10571,3,1,54255.38,
201132,10446,3,1,55861.81,
200312,10565,1,1,88741.16,
201545,10726,1,3,67503.47,
200385,10324,4,1,1627.92,
200990,10869,4,1,39813.36,
201236,10840,1,1,10577.83,
200614,10908,1,1,35656.95,
200316,10405,4,2,50895.93,
201619,10279,3,1,49341.87,
200722,10075,2,1,46881.74,
200707,10058,5,1,27278.42,
200785,10028,3,1,78312,
200895,10550,5,1,-262.08,
200306,10283,4,1,8682.61,
201154,10257,4,1,16099.85,
200229,10226,4,1,75050.99,
200073,10605,4,1,21063.77,
200436,10760,1,1,22885.75,
200201,10101,2,2,26152.31,
200655,10620,3,1,90235.73,
201422,10692,2,1,96099.61,
201477,10356,5,1,17443.02,
200129,11049,2,1,91364.41,
201522,10842,4,1,67419.74,
200531,11029,2,1,25099.37,
201251,10024,1,1,39825.26,
201240,10662,2,1,33721.99,
201198,10141,2,1,13607.68,
200012,10253,1,2,-384.45,
201358,11031,3,3,79082.48,
200355,11058,5,1,1917.42,
201078,10807,5,1,66459.79,
200545,10815,4,1,52471.44,
201365,11038,5,1,63045.46,
201363,10441,1,1,6720.11,
200335,10174,2,1,97356.53,
201519,10645,5,1,77217.14,
201516,10583,2,1,76084.32,
200692,10557,3,2,17639.79,
200749,10989,5,1,9040.3,
200866,10707,5,2,72186.92,
200270,10899,5,1,73044.91,
200808,10795,3,1,69814.18,
201289,10046,4,2,41353.24,
200786,10766,2,1,52951.69,
201171,10904,4,3,51642.18,
200344,10574,2,1,23240.75,
201042,10425,5,1,39896.93,
200890,10561,3,1,96310.11,
200644,10198,1,1,11834.16,
200642,10420,1,1,62988.18,
200922,10436,1,2,11015.81,
200413,10423,3,1,4108.2,
201554,10458,2,1,50822.5,
200973,10248,1,1,74420.6,
200235,10808,4,1,91724.55,
201092,10919,4,1,22716.19,
201052,10613,4,1,87749.26,
201143,10051,4,1,52774.42,
200130,10938,5,1,75867.46,
201609,10179,2,1,9447.02,
201332,10488,5,2,1724.82,
201457,10324,1,1,53252.4,
200492,10142,4,1,68129.64,
201566,10148,2,1,65786.08,
201243,10520,4,3,66524.93,
200759,10838,5,1,21613.16,
200533,11024,4,1,79896.95,
201203,10881,5,1,91295.86,
201184,10417,4,1,12558.2,
200770,10783,4,2,62611.03,
201032,10126,4,1,80170.1,
200319,10773,3,1,47099.53,
201489,10461,1,1,69552.22,
200236,11086,4,1,91326.67,
200390,10158,5,2,41615.13,
200273,11030,1,1,77511.43,
200168,10379,3,1,37707.68,
200453,10198,5,1,13514.02,
201215,10243,2,2,92797.49,
201271,10649,4,2,27517.85,
200339,10226,4,1,19908.74,
200983,10604,3,1,42427.12,
201091,10910,5,2,97498.08,
200046,10187,3,2,51825.34,
201446,10708,2,2,43861.81,
200067,11061,4,2,79460.29,
201104,10640,5,1,85648.39,
201023,10159,4,1,75123.26,
200463,10231,4,1,98910.48,
201011,10334,3,1,19742.89,
200756,10010,2,1,79082.66,
200412,10740,4,2,18323.69,
200197,10857,2,1,10604.56,
200843,11036,3,2,14281.82,
200504,10532,1,2,23080.32,
200677,11027,2,1,14722.29,
200195,10998,1,1,22408.75,
200017,10565,2,2,61129.64,
201194,10555,1,3,3563.19,
200885,10974,3,1,29613.57,
201381,10229,4,2,94077.34,
200839,10439,5,1,24567.96,
201468,10610,4,3,88823.48,
201551,10693,5,1,86348.65,
201120,10947,2,1,90828.63,
201649,10437,1,1,15975.67,
200986,10011,2,1,65697.87,
200205,10776,2,1,52482.12,
201192,10601,5,1,38058.16,
200675,10757,3,1,14883.88,
201644,10490,3,1,79518.63,
200490,10860,5,3,33724.84,
201528,10139,5,1,33036.06,
200036,10603,4,1,27899.82,
200718,10860,3,1,78217.29,
201048,10216,2,1,90512.44,
200337,10111,5,3,89663.23,
200059,11052,1,2,9615.18,
201232,10994,5,2,59689.92,
200732,10726,3,1,63187.47,
200052,10186,3,1,37808.22,
201008,10018,1,1,1818.33,
200815,10633,1,1,92207.53,
201137,10436,3,1,73446.68,
200862,11050,2,1,74664.26,
201395,10650,2,3,1137.43,
200933,11083,4,1,18705.43,
200162,10504,5,1,13680.97,
201579,10701,5,1,66279.41,
200994,10083,4,1,73264.75,
200388,10308,2,1,94005.37,
201440,11046,2,1,34229.77,
201575,10651,3,1,23112.02,
201473,10458,5,1,80938.81,
201573,10396,4,1,63826.38,
201294,10110,1,1,25103.83,
200633,10967,2,2,45666.71,
200908,11086,4,1,14912.64,
201034,10558,4,1,56499.15,
200788,10859,1,1,61100.37,
200876,10230,1,1,32788.26,
201112,10897,1,1,17831.08,
200845,10771,1,1,59428.04,
201061,10738,4,1,62165.81,
200503,10109,5,1,60628.55,
200517,11027,5,1,22243.6,
200488,10102,5,1,39676.6,
201272,10347,5,1,75163.27,
200865,10287,1,1,43414.52,
201426,10188,2,1,85502.37,
200217,10282,5,1,79741.26,
201590,10511,3,2,31528.97,
200565,10593,3,1,80752.27,
200613,10312,2,1,90626.12,
200868,10379,3,2,65218.63,
201432,10002,5,1,91104.24,
201500,11037,4,1,47444.74,
200618,10893,4,1,23.46,
200750,10429,2,2,13508.38,
200203,10062,2,1,19754.24,
200486,10749,4,1,87888.34,
200905,10968,1,1,60172.28,
200190,10404,2,1,89478.09,
201515,10061,2,1,63374.92,
200561,10092,1,1,32040.43,
200799,10739,4,2,2549.88,
200034,10293,4,1,62795.23,
200304,10477,2,1,32577.75,
200959,11030,5,1,81628.79,
201131,10093,1,2,55740.69,
201005,10856,3,1,38862.95,
201580,10743,4,1,86594.9,
201629,10225,3,1,76565.33,
201138,10298,2,1,53510.3,
200417,11063,1,1,87066.02,
200604,10398,5,1,72545.83,
201640,10315,2,3,98137.14,
200032,10861,1,1,7264.93,
201593,10367,4,1,83463.25,
200087,10540,3,1,67038.22,
200661,10978,2,1,66377.41,
200894,10945,1,1,22968.67,
200349,10604,3,1,32108.36,
200867,10526,3,1,48383.06,
200452,10142,3,1,54244.97,
200971,10318,3,1,78266.95,
200733,10483,1,1,35818.45,
201124,10285,4,1,76062.25,
200378,10821,1,1,64449,
201223,10143,2,1,45629.49,
200802,10811,2,1,93495.91,
201362,10198,1,2,15896.87,
201036,10588,4,1,99815.57,
201126,10039,5,1,5668.83,
200296,10317,3,1,31711.77,
201586,11086,4,1,26445.63,
200048,11090,4,1,3917.79,
200589,10468,5,2,90061.73,
200555,10506,2,1,25866,
200056,11046,1,1,27006.94,
200025,11044,2,3,78052.59,
201346,10407,2,1,51767.82,
201295,10331,3,1,6002.42,
200370,10797,3,1,2192.05,
201200,11078,4,1,36353.79,
201029,10933,5,1,6436.12,
200291,10021,2,1,18192.08,
201385,10067,5,1,69440.29,
200200,10667,5,2,82135.64,
200430,10135,4,1,75924.19,
201103,10333,1,1,22940.53,
200018,10628,2,1,29982.21,
200062,10366,1,1,28243.37,
200560,10006,5,1,48796.06,
201177,10573,5,1,7466.49,
201202,10382,1,1,94962.36,
201366,10256,5,1,56833.65,
201561,10997,2,3,41771.97,
200069,10213,4,1,64408.19,
201526,10886,2,2,54548.29,
200660,10396,4,1,12694.73,
200125,10150,1,1,43690.88,
200449,10939,3,2,37914.54,
201171,10904,4,3,51642.18,
201213,10425,1,1,69773.84,
201186,10800,2,1,30899.02,
201323,11039,1,1,33410.46,
200896,11017,2,1,96348.57,
200674,11000,5,1,83192.4,
200553,10286,2,2,35022.44,
200535,10179,4,1,2439.13,
201026,10027,1,1,64730.11,
200225,10458,3,1,86693.47,
201260,11076,3,1,59226.92,
200551,10056,2,1,48825,
200709,10335,1,1,60544.65,
200705,10351,5,2,1656.32,
200085,11093,5,1,97430.19,
200440,10766,4,2,10136.41,
200292,10571,5,1,25232.54,
200382,10519,5,1,863.22,
201413,11026,2,2,13489.63,
201429,10834,1,1,44734.87,
201085,10183,1,1,91241.89,
200795,10580,1,1,14560.17,
201261,10047,5,1,50024.63,
200508,10579,4,1,83240.3,
200297,10445,1,1,68261.75,
200441,10156,4,1,29258.38,
201310,10324,5,3,42802.87,
201298,10936,2,1,67294.52,
200008,10096,5,1,56540.4,
201568,10631,4,2,38686.52,
200926,10103,5,1,12582.52,
200183,10932,5,1,1966.25,
200640,10570,2,1,41593.86,
200854,10768,3,1,28557.33,
200089,10864,4,1,20228.38,
200511,10355,5,3,36038.1,
200144,10798,1,1,46961.82,
201003,10237,1,1,36343.94,
201160,10000,4,1,54403.26,
200864,10678,2,1,53456.93,
200753,10413,3,1,28424.71,
200029,11078,2,2,10771.85,
200308,10284,5,1,34977.74,
200700,10319,2,1,125.63,
200582,11077,3,1,43027.89,
200861,10391,3,1,88425.93,
201419,10573,3,1,47860.1,
201056,10705,5,1,2335.36,
201299,10302,1,1,80236.9,
201418,10142,4,2,47287.8,
201176,10329,5,1,86759.91,
201592,10683,2,1,41432.48,
200158,10655,1,1,19549.3,
201238,10337,4,1,5027.38,
200528,10155,4,2,44233.42,
201320,10290,4,1,95238.5,
200258,10091,4,3,35762.79,
200134,10054,1,1,42064.37,
201284,10331,4,2,20324.39,
201300,10875,4,1,59361.75,
200577,10338,2,3,41340.47,
201391,10460,2,1,99772.39,
201038,10191,4,1,18864.78,
201572,10996,2,1,23152.13,
200664,10574,3,3,96104.79,
200425,10043,3,1,89814.94,
200401,10419,5,1,95890.58,
201353,10900,5,1,4310.09,
201364,10909,5,1,51317.94,
200321,11064,1,2,88166.45,
200412,10740,4,2,18323.69,
201275,10505,5,1,55584.89,
201219,10296,3,2,73253.03,
201144,10518,4,1,80118.93,
201460,10868,3,1,3095.33,
201255,10506,1,3,58065.63,
200377,10943,3,2,33213.31,
200259,10329,4,1,58771.02,
200512,10972,4,1,12739.44,
201610,10582,4,1,90522.01,
201116,10526,5,1,68330.67,
201027,10023,5,2,63664.07,
200681,10909,4,1,74699.28,
200423,10058,1,1,55487.18,
201541,10418,4,1,11633.95,
200869,10427,1,1,74765.79,
200964,10571,2,1,30485.93,
200852,10324,5,2,44916.07,
200697,10596,3,1,72735.33,
200556,10335,1,1,71100.85,
200072,10898,4,1,27502.3,
200113,11008,1,1,40949.53,
200142,10852,1,1,66448.99,
200517,11027,5,1,22243.6,
201041,10503,4,1,68279.42,
201072,10774,5,2,54738.91,
200230,10703,3,1,1880.71,
200257,10592,3,1,45800.97,
200477,10148,4,1,17927.93,
200538,10485,1,3,41802.86,
200537,10065,4,1,86936.53,
200376,10963,4,1,34934.85,
200563,10792,5,1,88391.7,
200924,10275,3,1,30711.95,
200410,10047,2,3,64077.31,
200534,10245,1,1,22328.73,
200119,10423,3,1,14731.86,
200345,10845,4,1,65332.55,
200720,10800,5,1,84653.06,
201635,10036,4,1,6167.61,
200180,10925,3,2,77746.31,
200690,10295,5,1,1414.2,
201317,10703,2,1,92656.58,
200639,10164,1,1,85883.71,
200362,10645,1,1,95855.2,
200701,10071,2,1,10236.67,
201071,10504,5,1,9723.62,
200163,10142,4,1,11454.58,
200147,10931,3,1,741.98,
200266,10904,1,1,11625.94,
201542,10988,5,2,23883.8,
200323,10497,2,1,89509.95,
200482,10676,4,1,10451.99,
200680,10966,1,2,94119.04,
200608,10099,4,1,40017.63,
201448,11092,3,1,37012.22,
200435,10953,4,1,42798.97,
200210,10586,1,1,3547.91,
201136,10810,1,1,3752.55,
201062,10654,2,1,7314.7,
200123,10746,5,1,76437.12,
200834,10920,2,1,78120.21,
201600,11078,4,1,57584.97,
200269,10177,2,1,86186.6,
201510,10214,1,1,79377.52,
200447,10940,5,1,21700.27,
200635,10421,3,1,75147.49,
201514,10032,4,1,1898.32,
200491,11064,4,1,97672.38,
200326,10962,1,1,12971.96,
201581,10020,1,1,29685.58,
201398,11055,5,1,29595,
200812,10694,2,1,78632.33,
200208,10361,4,1,45223.07,
201456,10142,1,1,77020.63,
201095,10840,5,1,40958.84,
201111,10389,2,1,44507.18,
201597,10850,1,1,31808.42,
200253,10867,5,2,80131.35,
200293,10575,2,2,31914.05,
200519,10071,5,1,34268.9,
200165,10552,2,1,17200.82,
200114,10329,1,1,51882.06,
200814,10734,1,2,49652.84,
200318,10789,4,2,89365.94,
200471,10368,1,1,61762.25,
201020,10571,3,2,38064.46,
201454,10486,3,1,19636.99,
201465,10451,2,1,20306.04,
201325,10147,5,3,24939.17,
200969,10690,2,1,89573.21,
200541,10183,5,1,35707.81,
200155,10532,4,1,92316.86,
201578,10326,2,1,25771.16,
200169,10769,5,1,439.01,
200420,10189,4,1,98783.22,
201355,10113,4,1,40124.36,
201613,10112,5,1,81061.35,
201535,10873,3,1,11626.32,
200311,10143,5,1,29319.62,
200305,10494,3,1,77232.21,
201308,10194,2,1,12018.02,
201430,10296,2,2,57836.52,
201373,11046,4,1,6590.96,
200929,10947,1,1,52601.32,
200514,10368,5,1,18913.39,
200438,10387,2,1,35297.81,
200279,10023,2,1,40765.74,
201329,10611,5,1,51159.17,
201361,10224,4,1,83467.68,
200202,10323,2,1,55646.68,
201066,10557,1,1,48854.26,
200016,10274,2,1,97275.69,
201615,10541,5,3,41668.65,
200252,10528,5,1,27092.55,
200728,10667,4,3,38323.86,
200627,11000,2,1,83596.89,
200133,10151,2,1,26799.85,
200546,10009,2,1,60857.33,
200647,10043,4,1,79401.9,
200497,10125,5,1,39886.3,
200669,10099,2,1,31621,
200010,10056,4,1,18291.1,
201444,10264,5,1,10451.15,
200400,10518,2,1,28969.19,
201105,11025,1,2,85124.46,
201379,10750,3,3,87921.93,
201650,10071,1,1,45620.84,
201277,10428,5,1,25590.59,
200396,10071,2,1,36635.64,
200527,10953,5,1,62703.11,
200128,10603,4,1,98985.61,
201471,10306,4,1,53116.41,
200822,11015,3,2,6865.27,
200656,10035,4,1,53079.45,
201410,11034,1,1,65596.26,
201408,11040,2,1,7989.35,
201065,10582,1,1,62098.01,
200489,10086,2,1,77670.14,
200077,10626,1,1,34252.99,
200000,10330,2,1,35794.37,
201638,10556,1,1,27080.14,
201069,10437,3,1,96340.33,
200095,10036,3,1,46799.14,
200568,10284,2,1,52785.79,
200218,10092,1,1,54398.6,
200135,10226,2,1,87241.16,
201352,10565,5,1,13402.26,
200826,10680,2,1,33050.05,
200703,10226,1,1,1962.43,
200518,10020,4,1,75643.88,
200977,10227,3,1,55093.49,
200631,11053,2,1,29103.96,
200041,10894,4,1,51004.99,
201283,10231,5,1,74040.12,
201340,10481,5,1,12603.53,
201482,10412,3,2,9383.9,
200831,10431,3,1,55159.56,
201428,11038,3,1,48576.31,
201207,10262,2,1,77811.93,
200175,10677,4,1,96098.74,
200256,10383,2,1,57873.64,
200442,10288,3,1,367.64,
200015,11043,4,1,23771.4,
201388,10816,2,1,94760.32,
200520,10162,4,1,57667.5,
201073,10814,2,1,77462.93,
200616,10685,1,1,75217.21,
201620,10039,3,1,83590.24,
201518,10866,3,1,34247.23,
200902,10183,4,2,63719.46,
200358,10409,5,2,21043.13,
201218,10210,3,1,80261.8,
201214,10576,2,1,83489.55,
200837,10333,4,1,71167.11,
201497,10023,3,1,12862.13,
200030,10624,5,1,87001.16,
201486,10110,5,1,46619.25,
200172,10081,4,2,8550.22,
200716,10939,3,1,12086.95,
200045,11018,3,2,52907.3,
200050,11015,1,1,68306.31,
200026,10813,5,1,39648.89,
201185,10841,1,1,48602.51,
200364,10414,4,2,10329.63,
200384,10078,5,1,35753.88,
200160,10263,1,2,66368.23,
201560,10734,3,3,73828.52,
201088,10727,5,1,44869.51,
200458,10348,3,2,25638.44,
200819,10686,5,1,78870.02,
200950,10210,4,1,22564.99,
201499,10784,1,1,63138.1,
200429,10636,1,1,65027.44,
200914,11090,2,1,30861.09,
201409,11076,5,3,23793.44,
200115,10899,1,2,75756.62,
200619,10458,3,1,18105.11,
200290,10914,4,1,71699.8,
201263,10561,1,1,91944.29,
201322,10495,5,1,22577,
200443,10954,1,1,24747.41,
200177,10336,5,1,21918.21,
201534,10566,5,1,91124.05,
201582,10833,5,2,54875.56,
201080,10026,5,3,51455.37,
200903,10974,1,1,43811.17,
200221,10248,3,1,23691.06,
200178,10925,4,1,81232.7,
200673,10215,5,1,11195.51,
201128,10283,2,1,9745.79,
201172,11066,1,1,90818.91,
201553,10498,4,1,9425.47,
200445,10384,1,2,73494.54,
201141,10226,4,2,6606.28,
200913,11021,1,2,58204.58,
200955,10485,1,1,67464.66,
200367,10080,3,1,39998.22,
201024,10848,3,3,93399.46,
200570,10972,2,1,653.92,
200280,10947,5,1,62973.59,
201557,10293,4,1,49295.26,
200623,10488,4,1,99195.49,
201335,10199,5,1,61617.18,
200772,10103,3,1,88437.87,
200493,11007,4,2,30610.88,
201014,10639,2,3,50946.19,
200767,10266,1,2,51519.3,
200020,10155,5,1,2375.58,
200426,10820,2,1,20126.03,
200051,10939,5,1,39331.27,
200242,10557,3,1,27998.76,
201162,10178,1,1,13897.79,
201621,10262,5,1,44271.11,
200455,10605,4,1,22942.6,
201402,10740,4,1,53136.92,
200161,10666,5,1,34176.53,
200814,10734,1,2,49652.84,
201417,10956,4,2,67768.59,
200606,10927,1,1,65362.69,
201434,10677,4,1,90525.86,
200074,10643,2,1,53088,
201252,10995,4,2,24322.71,
200227,11014,4,1,21797.9,
200406,10616,3,2,47341.06,
201476,10966,3,1,23406.8,
201017,10205,3,1,70954.73,
201319,10512,2,1,25501.32,
201513,10467,4,1,38406.79,
200157,11020,5,1,90501.59,
200968,10643,3,1,81894.1,
201463,10746,4,1,74521.41,
201122,10964,2,1,10718.14,
200989,11090,2,1,81887.75,
201380,10274,4,1,37669.33,
200143,10459,4,1,57243.27,
200459,10464,3,1,15412.78,
200391,10331,4,1,21024.81,
200090,10751,5,1,89098.68,
201015,10710,1,1,8599.63,
201083,10066,5,1,32364.42,
200328,10767,5,1,76680.71,
200204,10948,2,1,70671.2,
200779,10364,4,2,90961.09,
200813,10686,4,1,72958.82,
200717,10399,1,2,98107.24,
201011,10334,3,1,19742.89,
200078,10818,3,1,98090.36,
201234,10813,4,1,91560.54,
201051,10612,3,1,27305.33,
200764,10867,1,1,55666.22,
200666,10933,5,1,1061.8,
201455,10341,1,3,66332.63,
201241,10184,5,1,55292.55,
200506,10223,2,2,31595.48,
200585,10324,4,1,78565.48,
200762,10369,3,1,12527.5,
201293,10316,1,2,9980.49,
200469,10873,3,1,96072.4,
201307,10760,3,1,71804.64,
201511,10174,5,1,63263.74,
200281,11078,2,2,72796.22,
200912,10204,1,1,80275.8,
200352,10012,4,1,1278.55,
200946,10642,3,1,35333.42,
200646,10003,3,2,34279.17,
200057,10813,4,1,88752.79,
200451,10225,2,1,74310.06,
201333,10666,1,1,6545.2,
201462,10343,4,1,10095.96,
200637,10104,5,1,29107.64,
200930,11023,4,2,21548.75,
200711,10401,5,1,90646.55,
200282,10952,3,1,44263.88,
200653,10107,5,2,96342.99,
200246,10822,2,1,13866.15,
200626,11038,1,1,41777.22,
200071,10251,1,1,41396.86,
200371,11029,3,1,64876.5,
200979,10612,2,1,9838.85,
200146,10127,4,1,18292.79,
200659,10341,1,1,11547.82,
200467,10992,1,1,76335.9,
201616,10890,5,1,52829.59,
201173,11032,4,1,73392.62,
200011,10899,3,1,74377.18,
201348,10297,5,1,87221.88,
200874,10179,4,1,17416,
200394,10362,2,2,88074.56,
200065,10188,3,2,68044.08,
201280,10883,4,1,59745.47,
201265,10160,4,2,17445.47,
200150,10671,4,1,11656.24,
201259,11038,1,1,54019.62,
201611,10770,3,1,29106.43,
201517,10691,4,1,27914.36,
200403,10899,1,1,86345.27,
201451,10067,1,1,26329.52,
200042,11000,1,1,49130.24,
200780,10864,1,1,55203.69,
200662,10241,4,3,38867.56,
200098,10247,4,2,55767.16,
200505,10984,4,1,60738.23,
200530,10393,1,1,76398.08,
200856,10439,5,1,69838.48,
200694,10040,5,2,8485.52,
201174,10272,5,2,59399.4,
200222,10292,3,1,26687.34,
200179,11019,5,2,70346.07,
201180,10468,2,1,49281.56,
200791,10361,5,1,27769.52,
201376,10297,4,1,25923.76,
201624,10394,1,2,38947.17,
200811,10016,5,1,82326.71,
200249,10530,2,1,80601.43,
200526,10175,5,1,4615.44,
200777,10670,2,1,11722.66,
200607,10766,3,1,39515.33,
200301,10203,2,1,32868.19,
201368,10147,1,1,11221.19,
201004,10819,3,1,63829.76,
200024,10446,1,1,10210.82,
201606,10458,1,1,12674.71,
200787,10299,4,1,20001.77,
201291,10782,4,1,33344.03,
200746,10130,2,2,12704.95,
201449,10690,2,1,99758.48,
201053,10603,1,3,97456.04,
200009,10818,5,1,2281.62,
200055,10267,1,2,46869.95,
201371,10465,3,1,50412.12,
201106,10243,5,1,62974.45,
200592,10153,1,2,8794.16,
200419,10862,1,1,13836.35,
200925,10414,5,1,47599.74,
201626,11080,4,2,24007.71,
200284,10543,5,1,66775.28,
200937,10297,5,2,91725.64,
201309,10620,2,1,63150.87,
200584,10457,4,1,8326.71,
200844,10730,1,1,50695.5,
